polarity_of_tweet,id_of_the_tweet,date_of_the_tweet,query,user,text_of_the_tweet
4,1000000,2024-01-01 00:00:00,NO_QUERY,user_090,Sample tweet 0
0,1000001,2024-01-01 02:00:00,NO_QUERY,user_061,Sample tweet 1
2,1000002,2024-01-01 04:00:00,NO_QUERY,user_077,Sample tweet 2
2,1000003,2024-01-01 06:00:00,NO_QUERY,user_015,Sample tweet 3
2,1000004,2024-01-01 08:00:00,NO_QUERY,user_024,Sample tweet 4
0,1000005,2024-01-01 10:00:00,NO_QUERY,user_010,Sample tweet 5
2,1000006,2024-01-01 12:00:00,NO_QUERY,user_077,Sample tweet 6
2,1000007,2024-01-01 14:00:00,NO_QUERY,user_078,Sample tweet 7
0,1000008,2024-01-01 16:00:00,NO_QUERY,user_024,Sample tweet 8
4,1000009,2024-01-01 18:00:00,NO_QUERY,user_038,Sample tweet 9
4,1000010,2024-01-01 20:00:00,NO_QUERY,user_039,Sample tweet 10
2,1000011,2024-01-01 22:00:00,NO_QUERY,user_031,Sample tweet 11
2,1000012,2024-01-02 00:00:00,NO_QUERY,user_064,Sample tweet 12
4,1000013,2024-01-02 02:00:00,NO_QUERY,user_048,Sample tweet 13
0,1000014,2024-01-02 04:00:00,NO_QUERY,user_084,Sample tweet 14
4,1000015,2024-01-02 06:00:00,NO_QUERY,user_081,Sample tweet 15
4,1000016,2024-01-02 08:00:00,NO_QUERY,user_039,Sample tweet 16
4,1000017,2024-01-02 10:00:00,NO_QUERY,user_088,Sample tweet 17
0,1000018,2024-01-02 12:00:00,NO_QUERY,user_084,Sample tweet 18
0,1000019,2024-01-02 14:00:00,NO_QUERY,user_034,Sample tweet 19
4,1000020,2024-01-02 16:00:00,NO_QUERY,user_041,Sample tweet 20
0,1000021,2024-01-02 18:00:00,NO_QUERY,user_072,Sample tweet 21
2,1000022,2024-01-02 20:00:00,NO_QUERY,user_017,Sample tweet 22
2,1000023,2024-01-02 22:00:00,NO_QUERY,user_087,Sample tweet 23
2,1000024,2024-01-03 00:00:00,NO_QUERY,user_082,Sample tweet 24
0,1000025,2024-01-03 02:00:00,NO_QUERY,user_079,Sample tweet 25
4,1000026,2024-01-03 04:00:00,NO_QUERY,user_079,Sample tweet 26
4,1000027,2024-01-03 06:00:00,NO_QUERY,user_035,Sample tweet 27
4,1000028,2024-01-03 08:00:00,NO_QUERY,user_091,Sample tweet 28
2,1000029,2024-01-03 10:00:00,NO_QUERY,user_077,Sample tweet 29
2,1000030,2024-01-03 12:00:00,NO_QUERY,user_000,Sample tweet 30
4,1000031,2024-01-03 14:00:00,NO_QUERY,user_007,Sample tweet 31
0,1000032,2024-01-03 16:00:00,NO_QUERY,user_050,Sample tweet 32
2,1000033,2024-01-03 18:00:00,NO_QUERY,user_060,Sample tweet 33
0,1000034,2024-01-03 20:00:00,NO_QUERY,user_014,Sample tweet 34
0,1000035,2024-01-03 22:00:00,NO_QUERY,user_032,Sample tweet 35
2,1000036,2024-01-04 00:00:00,NO_QUERY,user_066,Sample tweet 36
2,1000037,2024-01-04 02:00:00,NO_QUERY,user_052,Sample tweet 37
2,1000038,2024-01-04 04:00:00,NO_QUERY,user_022,Sample tweet 38
0,1000039,2024-01-04 06:00:00,NO_QUERY,user_056,Sample tweet 39
0,1000040,2024-01-04 08:00:00,NO_QUERY,user_053,Sample tweet 40
2,1000041,2024-01-04 10:00:00,NO_QUERY,user_004,Sample tweet 41
4,1000042,2024-01-04 12:00:00,NO_QUERY,user_077,Sample tweet 42
0,1000043,2024-01-04 14:00:00,NO_QUERY,user_004,Sample tweet 43
2,1000044,2024-01-04 16:00:00,NO_QUERY,user_040,Sample tweet 44
0,1000045,2024-01-04 18:00:00,NO_QUERY,user_084,Sample tweet 45
4,1000046,2024-01-04 20:00:00,NO_QUERY,user_016,Sample tweet 46
2,1000047,2024-01-04 22:00:00,NO_QUERY,user_034,Sample tweet 47
0,1000048,2024-01-05 00:00:00,NO_QUERY,user_071,Sample tweet 48
4,1000049,2024-01-05 02:00:00,NO_QUERY,user_044,Sample tweet 49
2,1000050,2024-01-05 04:00:00,NO_QUERY,user_089,Sample tweet 50
4,1000051,2024-01-05 06:00:00,NO_QUERY,user_066,Sample tweet 51
4,1000052,2024-01-05 08:00:00,NO_QUERY,user_002,Sample tweet 52
4,1000053,2024-01-05 10:00:00,NO_QUERY,user_055,Sample tweet 53
0,1000054,2024-01-05 12:00:00,NO_QUERY,user_059,Sample tweet 54
4,1000055,2024-01-05 14:00:00,NO_QUERY,user_051,Sample tweet 55
0,1000056,2024-01-05 16:00:00,NO_QUERY,user_098,Sample tweet 56
0,1000057,2024-01-05 18:00:00,NO_QUERY,user_061,Sample tweet 57
4,1000058,2024-01-05 20:00:00,NO_QUERY,user_011,Sample tweet 58
2,1000059,2024-01-05 22:00:00,NO_QUERY,user_083,Sample tweet 59
4,1000060,2024-01-06 00:00:00,NO_QUERY,user_052,Sample tweet 60
0,1000061,2024-01-06 02:00:00,NO_QUERY,user_093,Sample tweet 61
4,1000062,2024-01-06 04:00:00,NO_QUERY,user_043,Sample tweet 62
0,1000063,2024-01-06 06:00:00,NO_QUERY,user_032,Sample tweet 63
4,1000064,2024-01-06 08:00:00,NO_QUERY,user_080,Sample tweet 64
4,1000065,2024-01-06 10:00:00,NO_QUERY,user_091,Sample tweet 65
4,1000066,2024-01-06 12:00:00,NO_QUERY,user_061,Sample tweet 66
0,1000067,2024-01-06 14:00:00,NO_QUERY,user_093,Sample tweet 67
2,1000068,2024-01-06 16:00:00,NO_QUERY,user_052,Sample tweet 68
4,1000069,2024-01-06 18:00:00,NO_QUERY,user_084,Sample tweet 69
0,1000070,2024-01-06 20:00:00,NO_QUERY,user_092,Sample tweet 70
0,1000071,2024-01-06 22:00:00,NO_QUERY,user_003,Sample tweet 71
0,1000072,2024-01-07 00:00:00,NO_QUERY,user_082,Sample tweet 72
2,1000073,2024-01-07 02:00:00,NO_QUERY,user_068,Sample tweet 73
0,1000074,2024-01-07 04:00:00,NO_QUERY,user_095,Sample tweet 74
4,1000075,2024-01-07 06:00:00,NO_QUERY,user_004,Sample tweet 75
2,1000076,2024-01-07 08:00:00,NO_QUERY,user_008,Sample tweet 76
2,1000077,2024-01-07 10:00:00,NO_QUERY,user_044,Sample tweet 77
0,1000078,2024-01-07 12:00:00,NO_QUERY,user_079,Sample tweet 78
4,1000079,2024-01-07 14:00:00,NO_QUERY,user_043,Sample tweet 79
0,1000080,2024-01-07 16:00:00,NO_QUERY,user_029,Sample tweet 80
4,1000081,2024-01-07 18:00:00,NO_QUERY,user_020,Sample tweet 81
4,1000082,2024-01-07 20:00:00,NO_QUERY,user_080,Sample tweet 82
2,1000083,2024-01-07 22:00:00,NO_QUERY,user_011,Sample tweet 83
4,1000084,2024-01-08 00:00:00,NO_QUERY,user_074,Sample tweet 84
0,1000085,2024-01-08 02:00:00,NO_QUERY,user_036,Sample tweet 85
4,1000086,2024-01-08 04:00:00,NO_QUERY,user_011,Sample tweet 86
0,1000087,2024-01-08 06:00:00,NO_QUERY,user_021,Sample tweet 87
2,1000088,2024-01-08 08:00:00,NO_QUERY,user_007,Sample tweet 88
2,1000089,2024-01-08 10:00:00,NO_QUERY,user_072,Sample tweet 89
0,1000090,2024-01-08 12:00:00,NO_QUERY,user_031,Sample tweet 90
0,1000091,2024-01-08 14:00:00,NO_QUERY,user_037,Sample tweet 91
0,1000092,2024-01-08 16:00:00,NO_QUERY,user_094,Sample tweet 92
4,1000093,2024-01-08 18:00:00,NO_QUERY,user_063,Sample tweet 93
2,1000094,2024-01-08 20:00:00,NO_QUERY,user_075,Sample tweet 94
4,1000095,2024-01-08 22:00:00,NO_QUERY,user_050,Sample tweet 95
4,1000096,2024-01-09 00:00:00,NO_QUERY,user_062,Sample tweet 96
4,1000097,2024-01-09 02:00:00,NO_QUERY,user_023,Sample tweet 97
0,1000098,2024-01-09 04:00:00,NO_QUERY,user_021,Sample tweet 98
4,1000099,2024-01-09 06:00:00,NO_QUERY,user_065,Sample tweet 99
2,1000100,2024-01-09 08:00:00,NO_QUERY,user_060,Sample tweet 100
4,1000101,2024-01-09 10:00:00,NO_QUERY,user_002,Sample tweet 101
2,1000102,2024-01-09 12:00:00,NO_QUERY,user_024,Sample tweet 102
2,1000103,2024-01-09 14:00:00,NO_QUERY,user_030,Sample tweet 103
4,1000104,2024-01-09 16:00:00,NO_QUERY,user_002,Sample tweet 104
4,1000105,2024-01-09 18:00:00,NO_QUERY,user_012,Sample tweet 105
2,1000106,2024-01-09 20:00:00,NO_QUERY,user_054,Sample tweet 106
4,1000107,2024-01-09 22:00:00,NO_QUERY,user_060,Sample tweet 107
2,1000108,2024-01-10 00:00:00,NO_QUERY,user_012,Sample tweet 108
4,1000109,2024-01-10 02:00:00,NO_QUERY,user_052,Sample tweet 109
4,1000110,2024-01-10 04:00:00,NO_QUERY,user_042,Sample tweet 110
0,1000111,2024-01-10 06:00:00,NO_QUERY,user_035,Sample tweet 111
4,1000112,2024-01-10 08:00:00,NO_QUERY,user_058,Sample tweet 112
4,1000113,2024-01-10 10:00:00,NO_QUERY,user_006,Sample tweet 113
2,1000114,2024-01-10 12:00:00,NO_QUERY,user_050,Sample tweet 114
2,1000115,2024-01-10 14:00:00,NO_QUERY,user_094,Sample tweet 115
0,1000116,2024-01-10 16:00:00,NO_QUERY,user_011,Sample tweet 116
4,1000117,2024-01-10 18:00:00,NO_QUERY,user_025,Sample tweet 117
0,1000118,2024-01-10 20:00:00,NO_QUERY,user_026,Sample tweet 118
2,1000119,2024-01-10 22:00:00,NO_QUERY,user_004,Sample tweet 119
2,1000120,2024-01-11 00:00:00,NO_QUERY,user_030,Sample tweet 120
2,1000121,2024-01-11 02:00:00,NO_QUERY,user_040,Sample tweet 121
0,1000122,2024-01-11 04:00:00,NO_QUERY,user_070,Sample tweet 122
0,1000123,2024-01-11 06:00:00,NO_QUERY,user_024,Sample tweet 123
4,1000124,2024-01-11 08:00:00,NO_QUERY,user_098,Sample tweet 124
2,1000125,2024-01-11 10:00:00,NO_QUERY,user_058,Sample tweet 125
4,1000126,2024-01-11 12:00:00,NO_QUERY,user_052,Sample tweet 126
4,1000127,2024-01-11 14:00:00,NO_QUERY,user_029,Sample tweet 127
2,1000128,2024-01-11 16:00:00,NO_QUERY,user_058,Sample tweet 128
0,1000129,2024-01-11 18:00:00,NO_QUERY,user_024,Sample tweet 129
2,1000130,2024-01-11 20:00:00,NO_QUERY,user_023,Sample tweet 130
0,1000131,2024-01-11 22:00:00,NO_QUERY,user_049,Sample tweet 131
0,1000132,2024-01-12 00:00:00,NO_QUERY,user_002,Sample tweet 132
0,1000133,2024-01-12 02:00:00,NO_QUERY,user_061,Sample tweet 133
0,1000134,2024-01-12 04:00:00,NO_QUERY,user_083,Sample tweet 134
2,1000135,2024-01-12 06:00:00,NO_QUERY,user_082,Sample tweet 135
2,1000136,2024-01-12 08:00:00,NO_QUERY,user_031,Sample tweet 136
4,1000137,2024-01-12 10:00:00,NO_QUERY,user_017,Sample tweet 137
0,1000138,2024-01-12 12:00:00,NO_QUERY,user_020,Sample tweet 138
0,1000139,2024-01-12 14:00:00,NO_QUERY,user_078,Sample tweet 139
2,1000140,2024-01-12 16:00:00,NO_QUERY,user_061,Sample tweet 140
4,1000141,2024-01-12 18:00:00,NO_QUERY,user_069,Sample tweet 141
0,1000142,2024-01-12 20:00:00,NO_QUERY,user_065,Sample tweet 142
0,1000143,2024-01-12 22:00:00,NO_QUERY,user_006,Sample tweet 143
4,1000144,2024-01-13 00:00:00,NO_QUERY,user_031,Sample tweet 144
0,1000145,2024-01-13 02:00:00,NO_QUERY,user_036,Sample tweet 145
0,1000146,2024-01-13 04:00:00,NO_QUERY,user_028,Sample tweet 146
0,1000147,2024-01-13 06:00:00,NO_QUERY,user_065,Sample tweet 147
2,1000148,2024-01-13 08:00:00,NO_QUERY,user_047,Sample tweet 148
2,1000149,2024-01-13 10:00:00,NO_QUERY,user_079,Sample tweet 149
0,1000150,2024-01-13 12:00:00,NO_QUERY,user_093,Sample tweet 150
2,1000151,2024-01-13 14:00:00,NO_QUERY,user_058,Sample tweet 151
2,1000152,2024-01-13 16:00:00,NO_QUERY,user_030,Sample tweet 152
2,1000153,2024-01-13 18:00:00,NO_QUERY,user_081,Sample tweet 153
4,1000154,2024-01-13 20:00:00,NO_QUERY,user_051,Sample tweet 154
0,1000155,2024-01-13 22:00:00,NO_QUERY,user_048,Sample tweet 155
2,1000156,2024-01-14 00:00:00,NO_QUERY,user_071,Sample tweet 156
2,1000157,2024-01-14 02:00:00,NO_QUERY,user_011,Sample tweet 157
0,1000158,2024-01-14 04:00:00,NO_QUERY,user_037,Sample tweet 158
2,1000159,2024-01-14 06:00:00,NO_QUERY,user_064,Sample tweet 159
0,1000160,2024-01-14 08:00:00,NO_QUERY,user_066,Sample tweet 160
4,1000161,2024-01-14 10:00:00,NO_QUERY,user_030,Sample tweet 161
0,1000162,2024-01-14 12:00:00,NO_QUERY,user_014,Sample tweet 162
0,1000163,2024-01-14 14:00:00,NO_QUERY,user_022,Sample tweet 163
2,1000164,2024-01-14 16:00:00,NO_QUERY,user_000,Sample tweet 164
4,1000165,2024-01-14 18:00:00,NO_QUERY,user_053,Sample tweet 165
0,1000166,2024-01-14 20:00:00,NO_QUERY,user_042,Sample tweet 166
2,1000167,2024-01-14 22:00:00,NO_QUERY,user_050,Sample tweet 167
2,1000168,2024-01-15 00:00:00,NO_QUERY,user_014,Sample tweet 168
2,1000169,2024-01-15 02:00:00,NO_QUERY,user_047,Sample tweet 169
2,1000170,2024-01-15 04:00:00,NO_QUERY,user_096,Sample tweet 170
2,1000171,2024-01-15 06:00:00,NO_QUERY,user_073,Sample tweet 171
2,1000172,2024-01-15 08:00:00,NO_QUERY,user_056,Sample tweet 172
4,1000173,2024-01-15 10:00:00,NO_QUERY,user_079,Sample tweet 173
0,1000174,2024-01-15 12:00:00,NO_QUERY,user_062,Sample tweet 174
2,1000175,2024-01-15 14:00:00,NO_QUERY,user_049,Sample tweet 175
2,1000176,2024-01-15 16:00:00,NO_QUERY,user_043,Sample tweet 176
2,1000177,2024-01-15 18:00:00,NO_QUERY,user_074,Sample tweet 177
0,1000178,2024-01-15 20:00:00,NO_QUERY,user_009,Sample tweet 178
4,1000179,2024-01-15 22:00:00,NO_QUERY,user_024,Sample tweet 179
0,1000180,2024-01-16 00:00:00,NO_QUERY,user_006,Sample tweet 180
4,1000181,2024-01-16 02:00:00,NO_QUERY,user_074,Sample tweet 181
4,1000182,2024-01-16 04:00:00,NO_QUERY,user_006,Sample tweet 182
0,1000183,2024-01-16 06:00:00,NO_QUERY,user_011,Sample tweet 183
0,1000184,2024-01-16 08:00:00,NO_QUERY,user_057,Sample tweet 184
4,1000185,2024-01-16 10:00:00,NO_QUERY,user_093,Sample tweet 185
2,1000186,2024-01-16 12:00:00,NO_QUERY,user_072,Sample tweet 186
4,1000187,2024-01-16 14:00:00,NO_QUERY,user_016,Sample tweet 187
0,1000188,2024-01-16 16:00:00,NO_QUERY,user_073,Sample tweet 188
4,1000189,2024-01-16 18:00:00,NO_QUERY,user_026,Sample tweet 189
4,1000190,2024-01-16 20:00:00,NO_QUERY,user_026,Sample tweet 190
0,1000191,2024-01-16 22:00:00,NO_QUERY,user_031,Sample tweet 191
4,1000192,2024-01-17 00:00:00,NO_QUERY,user_024,Sample tweet 192
0,1000193,2024-01-17 02:00:00,NO_QUERY,user_037,Sample tweet 193
2,1000194,2024-01-17 04:00:00,NO_QUERY,user_071,Sample tweet 194
4,1000195,2024-01-17 06:00:00,NO_QUERY,user_063,Sample tweet 195
0,1000196,2024-01-17 08:00:00,NO_QUERY,user_081,Sample tweet 196
2,1000197,2024-01-17 10:00:00,NO_QUERY,user_059,Sample tweet 197
2,1000198,2024-01-17 12:00:00,NO_QUERY,user_094,Sample tweet 198
0,1000199,2024-01-17 14:00:00,NO_QUERY,user_088,Sample tweet 199
2,1000200,2024-01-17 16:00:00,NO_QUERY,user_054,Sample tweet 200
4,1000201,2024-01-17 18:00:00,NO_QUERY,user_047,Sample tweet 201
2,1000202,2024-01-17 20:00:00,NO_QUERY,user_056,Sample tweet 202
0,1000203,2024-01-17 22:00:00,NO_QUERY,user_002,Sample tweet 203
0,1000204,2024-01-18 00:00:00,NO_QUERY,user_018,Sample tweet 204
4,1000205,2024-01-18 02:00:00,NO_QUERY,user_025,Sample tweet 205
4,1000206,2024-01-18 04:00:00,NO_QUERY,user_024,Sample tweet 206
4,1000207,2024-01-18 06:00:00,NO_QUERY,user_096,Sample tweet 207
0,1000208,2024-01-18 08:00:00,NO_QUERY,user_028,Sample tweet 208
0,1000209,2024-01-18 10:00:00,NO_QUERY,user_020,Sample tweet 209
4,1000210,2024-01-18 12:00:00,NO_QUERY,user_069,Sample tweet 210
4,1000211,2024-01-18 14:00:00,NO_QUERY,user_098,Sample tweet 211
4,1000212,2024-01-18 16:00:00,NO_QUERY,user_074,Sample tweet 212
0,1000213,2024-01-18 18:00:00,NO_QUERY,user_044,Sample tweet 213
2,1000214,2024-01-18 20:00:00,NO_QUERY,user_092,Sample tweet 214
0,1000215,2024-01-18 22:00:00,NO_QUERY,user_009,Sample tweet 215
2,1000216,2024-01-19 00:00:00,NO_QUERY,user_065,Sample tweet 216
2,1000217,2024-01-19 02:00:00,NO_QUERY,user_075,Sample tweet 217
0,1000218,2024-01-19 04:00:00,NO_QUERY,user_013,Sample tweet 218
0,1000219,2024-01-19 06:00:00,NO_QUERY,user_079,Sample tweet 219
0,1000220,2024-01-19 08:00:00,NO_QUERY,user_001,Sample tweet 220
0,1000221,2024-01-19 10:00:00,NO_QUERY,user_048,Sample tweet 221
2,1000222,2024-01-19 12:00:00,NO_QUERY,user_088,Sample tweet 222
0,1000223,2024-01-19 14:00:00,NO_QUERY,user_043,Sample tweet 223
0,1000224,2024-01-19 16:00:00,NO_QUERY,user_006,Sample tweet 224
0,1000225,2024-01-19 18:00:00,NO_QUERY,user_047,Sample tweet 225
2,1000226,2024-01-19 20:00:00,NO_QUERY,user_040,Sample tweet 226
2,1000227,2024-01-19 22:00:00,NO_QUERY,user_073,Sample tweet 227
0,1000228,2024-01-20 00:00:00,NO_QUERY,user_003,Sample tweet 228
0,1000229,2024-01-20 02:00:00,NO_QUERY,user_040,Sample tweet 229
0,1000230,2024-01-20 04:00:00,NO_QUERY,user_096,Sample tweet 230
2,1000231,2024-01-20 06:00:00,NO_QUERY,user_059,Sample tweet 231
2,1000232,2024-01-20 08:00:00,NO_QUERY,user_000,Sample tweet 232
0,1000233,2024-01-20 10:00:00,NO_QUERY,user_089,Sample tweet 233
4,1000234,2024-01-20 12:00:00,NO_QUERY,user_034,Sample tweet 234
2,1000235,2024-01-20 14:00:00,NO_QUERY,user_012,Sample tweet 235
0,1000236,2024-01-20 16:00:00,NO_QUERY,user_064,Sample tweet 236
0,1000237,2024-01-20 18:00:00,NO_QUERY,user_009,Sample tweet 237
4,1000238,2024-01-20 20:00:00,NO_QUERY,user_008,Sample tweet 238
4,1000239,2024-01-20 22:00:00,NO_QUERY,user_008,Sample tweet 239
0,1000240,2024-01-21 00:00:00,NO_QUERY,user_057,Sample tweet 240
0,1000241,2024-01-21 02:00:00,NO_QUERY,user_097,Sample tweet 241
4,1000242,2024-01-21 04:00:00,NO_QUERY,user_041,Sample tweet 242
4,1000243,2024-01-21 06:00:00,NO_QUERY,user_017,Sample tweet 243
2,1000244,2024-01-21 08:00:00,NO_QUERY,user_043,Sample tweet 244
4,1000245,2024-01-21 10:00:00,NO_QUERY,user_062,Sample tweet 245
0,1000246,2024-01-21 12:00:00,NO_QUERY,user_065,Sample tweet 246
0,1000247,2024-01-21 14:00:00,NO_QUERY,user_094,Sample tweet 247
2,1000248,2024-01-21 16:00:00,NO_QUERY,user_042,Sample tweet 248
2,1000249,2024-01-21 18:00:00,NO_QUERY,user_087,Sample tweet 249
4,1000250,2024-01-21 20:00:00,NO_QUERY,user_052,Sample tweet 250
4,1000251,2024-01-21 22:00:00,NO_QUERY,user_058,Sample tweet 251
0,1000252,2024-01-22 00:00:00,NO_QUERY,user_092,Sample tweet 252
4,1000253,2024-01-22 02:00:00,NO_QUERY,user_009,Sample tweet 253
4,1000254,2024-01-22 04:00:00,NO_QUERY,user_065,Sample tweet 254
2,1000255,2024-01-22 06:00:00,NO_QUERY,user_001,Sample tweet 255
0,1000256,2024-01-22 08:00:00,NO_QUERY,user_093,Sample tweet 256
4,1000257,2024-01-22 10:00:00,NO_QUERY,user_054,Sample tweet 257
4,1000258,2024-01-22 12:00:00,NO_QUERY,user_024,Sample tweet 258
2,1000259,2024-01-22 14:00:00,NO_QUERY,user_078,Sample tweet 259
2,1000260,2024-01-22 16:00:00,NO_QUERY,user_091,Sample tweet 260
4,1000261,2024-01-22 18:00:00,NO_QUERY,user_027,Sample tweet 261
0,1000262,2024-01-22 20:00:00,NO_QUERY,user_075,Sample tweet 262
0,1000263,2024-01-22 22:00:00,NO_QUERY,user_080,Sample tweet 263
2,1000264,2024-01-23 00:00:00,NO_QUERY,user_080,Sample tweet 264
2,1000265,2024-01-23 02:00:00,NO_QUERY,user_096,Sample tweet 265
4,1000266,2024-01-23 04:00:00,NO_QUERY,user_055,Sample tweet 266
2,1000267,2024-01-23 06:00:00,NO_QUERY,user_031,Sample tweet 267
2,1000268,2024-01-23 08:00:00,NO_QUERY,user_086,Sample tweet 268
4,1000269,2024-01-23 10:00:00,NO_QUERY,user_038,Sample tweet 269
2,1000270,2024-01-23 12:00:00,NO_QUERY,user_001,Sample tweet 270
0,1000271,2024-01-23 14:00:00,NO_QUERY,user_000,Sample tweet 271
2,1000272,2024-01-23 16:00:00,NO_QUERY,user_000,Sample tweet 272
2,1000273,2024-01-23 18:00:00,NO_QUERY,user_016,Sample tweet 273
4,1000274,2024-01-23 20:00:00,NO_QUERY,user_022,Sample tweet 274
4,1000275,2024-01-23 22:00:00,NO_QUERY,user_058,Sample tweet 275
4,1000276,2024-01-24 00:00:00,NO_QUERY,user_035,Sample tweet 276
4,1000277,2024-01-24 02:00:00,NO_QUERY,user_084,Sample tweet 277
4,1000278,2024-01-24 04:00:00,NO_QUERY,user_057,Sample tweet 278
2,1000279,2024-01-24 06:00:00,NO_QUERY,user_013,Sample tweet 279
2,1000280,2024-01-24 08:00:00,NO_QUERY,user_005,Sample tweet 280
0,1000281,2024-01-24 10:00:00,NO_QUERY,user_053,Sample tweet 281
0,1000282,2024-01-24 12:00:00,NO_QUERY,user_062,Sample tweet 282
0,1000283,2024-01-24 14:00:00,NO_QUERY,user_062,Sample tweet 283
0,1000284,2024-01-24 16:00:00,NO_QUERY,user_043,Sample tweet 284
4,1000285,2024-01-24 18:00:00,NO_QUERY,user_058,Sample tweet 285
2,1000286,2024-01-24 20:00:00,NO_QUERY,user_098,Sample tweet 286
2,1000287,2024-01-24 22:00:00,NO_QUERY,user_098,Sample tweet 287
0,1000288,2024-01-25 00:00:00,NO_QUERY,user_084,Sample tweet 288
4,1000289,2024-01-25 02:00:00,NO_QUERY,user_011,Sample tweet 289
0,1000290,2024-01-25 04:00:00,NO_QUERY,user_022,Sample tweet 290
0,1000291,2024-01-25 06:00:00,NO_QUERY,user_046,Sample tweet 291
2,1000292,2024-01-25 08:00:00,NO_QUERY,user_064,Sample tweet 292
2,1000293,2024-01-25 10:00:00,NO_QUERY,user_002,Sample tweet 293
2,1000294,2024-01-25 12:00:00,NO_QUERY,user_023,Sample tweet 294
0,1000295,2024-01-25 14:00:00,NO_QUERY,user_078,Sample tweet 295
0,1000296,2024-01-25 16:00:00,NO_QUERY,user_009,Sample tweet 296
2,1000297,2024-01-25 18:00:00,NO_QUERY,user_017,Sample tweet 297
2,1000298,2024-01-25 20:00:00,NO_QUERY,user_052,Sample tweet 298
4,1000299,2024-01-25 22:00:00,NO_QUERY,user_049,Sample tweet 299
4,1000300,2024-01-26 00:00:00,NO_QUERY,user_004,Sample tweet 300
2,1000301,2024-01-26 02:00:00,NO_QUERY,user_054,Sample tweet 301
2,1000302,2024-01-26 04:00:00,NO_QUERY,user_071,Sample tweet 302
0,1000303,2024-01-26 06:00:00,NO_QUERY,user_051,Sample tweet 303
4,1000304,2024-01-26 08:00:00,NO_QUERY,user_067,Sample tweet 304
0,1000305,2024-01-26 10:00:00,NO_QUERY,user_052,Sample tweet 305
2,1000306,2024-01-26 12:00:00,NO_QUERY,user_034,Sample tweet 306
2,1000307,2024-01-26 14:00:00,NO_QUERY,user_055,Sample tweet 307
0,1000308,2024-01-26 16:00:00,NO_QUERY,user_080,Sample tweet 308
2,1000309,2024-01-26 18:00:00,NO_QUERY,user_068,Sample tweet 309
4,1000310,2024-01-26 20:00:00,NO_QUERY,user_000,Sample tweet 310
2,1000311,2024-01-26 22:00:00,NO_QUERY,user_075,Sample tweet 311
0,1000312,2024-01-27 00:00:00,NO_QUERY,user_083,Sample tweet 312
2,1000313,2024-01-27 02:00:00,NO_QUERY,user_029,Sample tweet 313
2,1000314,2024-01-27 04:00:00,NO_QUERY,user_019,Sample tweet 314
2,1000315,2024-01-27 06:00:00,NO_QUERY,user_048,Sample tweet 315
2,1000316,2024-01-27 08:00:00,NO_QUERY,user_092,Sample tweet 316
4,1000317,2024-01-27 10:00:00,NO_QUERY,user_075,Sample tweet 317
4,1000318,2024-01-27 12:00:00,NO_QUERY,user_019,Sample tweet 318
2,1000319,2024-01-27 14:00:00,NO_QUERY,user_099,Sample tweet 319
0,1000320,2024-01-27 16:00:00,NO_QUERY,user_076,Sample tweet 320
4,1000321,2024-01-27 18:00:00,NO_QUERY,user_040,Sample tweet 321
4,1000322,2024-01-27 20:00:00,NO_QUERY,user_012,Sample tweet 322
4,1000323,2024-01-27 22:00:00,NO_QUERY,user_006,Sample tweet 323
4,1000324,2024-01-28 00:00:00,NO_QUERY,user_084,Sample tweet 324
4,1000325,2024-01-28 02:00:00,NO_QUERY,user_066,Sample tweet 325
2,1000326,2024-01-28 04:00:00,NO_QUERY,user_099,Sample tweet 326
0,1000327,2024-01-28 06:00:00,NO_QUERY,user_014,Sample tweet 327
2,1000328,2024-01-28 08:00:00,NO_QUERY,user_088,Sample tweet 328
0,1000329,2024-01-28 10:00:00,NO_QUERY,user_068,Sample tweet 329
4,1000330,2024-01-28 12:00:00,NO_QUERY,user_058,Sample tweet 330
4,1000331,2024-01-28 14:00:00,NO_QUERY,user_022,Sample tweet 331
4,1000332,2024-01-28 16:00:00,NO_QUERY,user_038,Sample tweet 332
0,1000333,2024-01-28 18:00:00,NO_QUERY,user_045,Sample tweet 333
4,1000334,2024-01-28 20:00:00,NO_QUERY,user_043,Sample tweet 334
0,1000335,2024-01-28 22:00:00,NO_QUERY,user_022,Sample tweet 335
2,1000336,2024-01-29 00:00:00,NO_QUERY,user_057,Sample tweet 336
0,1000337,2024-01-29 02:00:00,NO_QUERY,user_094,Sample tweet 337
4,1000338,2024-01-29 04:00:00,NO_QUERY,user_040,Sample tweet 338
0,1000339,2024-01-29 06:00:00,NO_QUERY,user_091,Sample tweet 339
2,1000340,2024-01-29 08:00:00,NO_QUERY,user_081,Sample tweet 340
0,1000341,2024-01-29 10:00:00,NO_QUERY,user_041,Sample tweet 341
4,1000342,2024-01-29 12:00:00,NO_QUERY,user_099,Sample tweet 342
2,1000343,2024-01-29 14:00:00,NO_QUERY,user_042,Sample tweet 343
0,1000344,2024-01-29 16:00:00,NO_QUERY,user_041,Sample tweet 344
4,1000345,2024-01-29 18:00:00,NO_QUERY,user_060,Sample tweet 345
0,1000346,2024-01-29 20:00:00,NO_QUERY,user_057,Sample tweet 346
4,1000347,2024-01-29 22:00:00,NO_QUERY,user_053,Sample tweet 347
0,1000348,2024-01-30 00:00:00,NO_QUERY,user_069,Sample tweet 348
0,1000349,2024-01-30 02:00:00,NO_QUERY,user_035,Sample tweet 349
4,1000350,2024-01-30 04:00:00,NO_QUERY,user_093,Sample tweet 350
4,1000351,2024-01-30 06:00:00,NO_QUERY,user_096,Sample tweet 351
0,1000352,2024-01-30 08:00:00,NO_QUERY,user_090,Sample tweet 352
2,1000353,2024-01-30 10:00:00,NO_QUERY,user_007,Sample tweet 353
4,1000354,2024-01-30 12:00:00,NO_QUERY,user_061,Sample tweet 354
0,1000355,2024-01-30 14:00:00,NO_QUERY,user_051,Sample tweet 355
4,1000356,2024-01-30 16:00:00,NO_QUERY,user_077,Sample tweet 356
2,1000357,2024-01-30 18:00:00,NO_QUERY,user_021,Sample tweet 357
2,1000358,2024-01-30 20:00:00,NO_QUERY,user_085,Sample tweet 358
4,1000359,2024-01-30 22:00:00,NO_QUERY,user_042,Sample tweet 359
2,1000360,2024-01-31 00:00:00,NO_QUERY,user_025,Sample tweet 360
0,1000361,2024-01-31 02:00:00,NO_QUERY,user_028,Sample tweet 361
2,1000362,2024-01-31 04:00:00,NO_QUERY,user_029,Sample tweet 362
2,1000363,2024-01-31 06:00:00,NO_QUERY,user_059,Sample tweet 363
2,1000364,2024-01-31 08:00:00,NO_QUERY,user_010,Sample tweet 364
0,1000365,2024-01-31 10:00:00,NO_QUERY,user_006,Sample tweet 365
4,1000366,2024-01-31 12:00:00,NO_QUERY,user_001,Sample tweet 366
2,1000367,2024-01-31 14:00:00,NO_QUERY,user_077,Sample tweet 367
2,1000368,2024-01-31 16:00:00,NO_QUERY,user_062,Sample tweet 368
0,1000369,2024-01-31 18:00:00,NO_QUERY,user_092,Sample tweet 369
0,1000370,2024-01-31 20:00:00,NO_QUERY,user_094,Sample tweet 370
4,1000371,2024-01-31 22:00:00,NO_QUERY,user_033,Sample tweet 371
0,1000372,2024-02-01 00:00:00,NO_QUERY,user_042,Sample tweet 372
4,1000373,2024-02-01 02:00:00,NO_QUERY,user_086,Sample tweet 373
0,1000374,2024-02-01 04:00:00,NO_QUERY,user_001,Sample tweet 374
2,1000375,2024-02-01 06:00:00,NO_QUERY,user_079,Sample tweet 375
0,1000376,2024-02-01 08:00:00,NO_QUERY,user_089,Sample tweet 376
4,1000377,2024-02-01 10:00:00,NO_QUERY,user_039,Sample tweet 377
2,1000378,2024-02-01 12:00:00,NO_QUERY,user_033,Sample tweet 378
2,1000379,2024-02-01 14:00:00,NO_QUERY,user_032,Sample tweet 379
0,1000380,2024-02-01 16:00:00,NO_QUERY,user_058,Sample tweet 380
4,1000381,2024-02-01 18:00:00,NO_QUERY,user_000,Sample tweet 381
2,1000382,2024-02-01 20:00:00,NO_QUERY,user_059,Sample tweet 382
2,1000383,2024-02-01 22:00:00,NO_QUERY,user_034,Sample tweet 383
4,1000384,2024-02-02 00:00:00,NO_QUERY,user_005,Sample tweet 384
2,1000385,2024-02-02 02:00:00,NO_QUERY,user_029,Sample tweet 385
0,1000386,2024-02-02 04:00:00,NO_QUERY,user_044,Sample tweet 386
0,1000387,2024-02-02 06:00:00,NO_QUERY,user_011,Sample tweet 387
2,1000388,2024-02-02 08:00:00,NO_QUERY,user_078,Sample tweet 388
4,1000389,2024-02-02 10:00:00,NO_QUERY,user_086,Sample tweet 389
0,1000390,2024-02-02 12:00:00,NO_QUERY,user_077,Sample tweet 390
2,1000391,2024-02-02 14:00:00,NO_QUERY,user_094,Sample tweet 391
4,1000392,2024-02-02 16:00:00,NO_QUERY,user_038,Sample tweet 392
4,1000393,2024-02-02 18:00:00,NO_QUERY,user_083,Sample tweet 393
4,1000394,2024-02-02 20:00:00,NO_QUERY,user_045,Sample tweet 394
2,1000395,2024-02-02 22:00:00,NO_QUERY,user_059,Sample tweet 395
4,1000396,2024-02-03 00:00:00,NO_QUERY,user_046,Sample tweet 396
4,1000397,2024-02-03 02:00:00,NO_QUERY,user_008,Sample tweet 397
0,1000398,2024-02-03 04:00:00,NO_QUERY,user_051,Sample tweet 398
4,1000399,2024-02-03 06:00:00,NO_QUERY,user_024,Sample tweet 399
0,1000400,2024-02-03 08:00:00,NO_QUERY,user_006,Sample tweet 400
2,1000401,2024-02-03 10:00:00,NO_QUERY,user_025,Sample tweet 401
4,1000402,2024-02-03 12:00:00,NO_QUERY,user_011,Sample tweet 402
2,1000403,2024-02-03 14:00:00,NO_QUERY,user_092,Sample tweet 403
2,1000404,2024-02-03 16:00:00,NO_QUERY,user_087,Sample tweet 404
0,1000405,2024-02-03 18:00:00,NO_QUERY,user_069,Sample tweet 405
0,1000406,2024-02-03 20:00:00,NO_QUERY,user_069,Sample tweet 406
2,1000407,2024-02-03 22:00:00,NO_QUERY,user_034,Sample tweet 407
4,1000408,2024-02-04 00:00:00,NO_QUERY,user_018,Sample tweet 408
2,1000409,2024-02-04 02:00:00,NO_QUERY,user_072,Sample tweet 409
2,1000410,2024-02-04 04:00:00,NO_QUERY,user_072,Sample tweet 410
0,1000411,2024-02-04 06:00:00,NO_QUERY,user_060,Sample tweet 411
2,1000412,2024-02-04 08:00:00,NO_QUERY,user_094,Sample tweet 412
0,1000413,2024-02-04 10:00:00,NO_QUERY,user_053,Sample tweet 413
0,1000414,2024-02-04 12:00:00,NO_QUERY,user_097,Sample tweet 414
4,1000415,2024-02-04 14:00:00,NO_QUERY,user_039,Sample tweet 415
0,1000416,2024-02-04 16:00:00,NO_QUERY,user_021,Sample tweet 416
2,1000417,2024-02-04 18:00:00,NO_QUERY,user_036,Sample tweet 417
0,1000418,2024-02-04 20:00:00,NO_QUERY,user_040,Sample tweet 418
2,1000419,2024-02-04 22:00:00,NO_QUERY,user_094,Sample tweet 419
4,1000420,2024-02-05 00:00:00,NO_QUERY,user_087,Sample tweet 420
0,1000421,2024-02-05 02:00:00,NO_QUERY,user_097,Sample tweet 421
4,1000422,2024-02-05 04:00:00,NO_QUERY,user_007,Sample tweet 422
4,1000423,2024-02-05 06:00:00,NO_QUERY,user_058,Sample tweet 423
0,1000424,2024-02-05 08:00:00,NO_QUERY,user_013,Sample tweet 424
0,1000425,2024-02-05 10:00:00,NO_QUERY,user_089,Sample tweet 425
0,1000426,2024-02-05 12:00:00,NO_QUERY,user_079,Sample tweet 426
2,1000427,2024-02-05 14:00:00,NO_QUERY,user_073,Sample tweet 427
4,1000428,2024-02-05 16:00:00,NO_QUERY,user_079,Sample tweet 428
4,1000429,2024-02-05 18:00:00,NO_QUERY,user_091,Sample tweet 429
4,1000430,2024-02-05 20:00:00,NO_QUERY,user_047,Sample tweet 430
4,1000431,2024-02-05 22:00:00,NO_QUERY,user_059,Sample tweet 431
0,1000432,2024-02-06 00:00:00,NO_QUERY,user_069,Sample tweet 432
4,1000433,2024-02-06 02:00:00,NO_QUERY,user_075,Sample tweet 433
0,1000434,2024-02-06 04:00:00,NO_QUERY,user_047,Sample tweet 434
2,1000435,2024-02-06 06:00:00,NO_QUERY,user_088,Sample tweet 435
2,1000436,2024-02-06 08:00:00,NO_QUERY,user_003,Sample tweet 436
4,1000437,2024-02-06 10:00:00,NO_QUERY,user_038,Sample tweet 437
0,1000438,2024-02-06 12:00:00,NO_QUERY,user_085,Sample tweet 438
4,1000439,2024-02-06 14:00:00,NO_QUERY,user_097,Sample tweet 439
0,1000440,2024-02-06 16:00:00,NO_QUERY,user_019,Sample tweet 440
0,1000441,2024-02-06 18:00:00,NO_QUERY,user_099,Sample tweet 441
0,1000442,2024-02-06 20:00:00,NO_QUERY,user_007,Sample tweet 442
2,1000443,2024-02-06 22:00:00,NO_QUERY,user_003,Sample tweet 443
4,1000444,2024-02-07 00:00:00,NO_QUERY,user_033,Sample tweet 444
4,1000445,2024-02-07 02:00:00,NO_QUERY,user_069,Sample tweet 445
4,1000446,2024-02-07 04:00:00,NO_QUERY,user_014,Sample tweet 446
4,1000447,2024-02-07 06:00:00,NO_QUERY,user_057,Sample tweet 447
4,1000448,2024-02-07 08:00:00,NO_QUERY,user_001,Sample tweet 448
0,1000449,2024-02-07 10:00:00,NO_QUERY,user_000,Sample tweet 449
0,1000450,2024-02-07 12:00:00,NO_QUERY,user_057,Sample tweet 450
2,1000451,2024-02-07 14:00:00,NO_QUERY,user_013,Sample tweet 451
0,1000452,2024-02-07 16:00:00,NO_QUERY,user_054,Sample tweet 452
0,1000453,2024-02-07 18:00:00,NO_QUERY,user_087,Sample tweet 453
0,1000454,2024-02-07 20:00:00,NO_QUERY,user_081,Sample tweet 454
2,1000455,2024-02-07 22:00:00,NO_QUERY,user_006,Sample tweet 455
2,1000456,2024-02-08 00:00:00,NO_QUERY,user_005,Sample tweet 456
4,1000457,2024-02-08 02:00:00,NO_QUERY,user_033,Sample tweet 457
4,1000458,2024-02-08 04:00:00,NO_QUERY,user_043,Sample tweet 458
2,1000459,2024-02-08 06:00:00,NO_QUERY,user_092,Sample tweet 459
4,1000460,2024-02-08 08:00:00,NO_QUERY,user_071,Sample tweet 460
0,1000461,2024-02-08 10:00:00,NO_QUERY,user_094,Sample tweet 461
2,1000462,2024-02-08 12:00:00,NO_QUERY,user_018,Sample tweet 462
2,1000463,2024-02-08 14:00:00,NO_QUERY,user_094,Sample tweet 463
4,1000464,2024-02-08 16:00:00,NO_QUERY,user_086,Sample tweet 464
4,1000465,2024-02-08 18:00:00,NO_QUERY,user_012,Sample tweet 465
4,1000466,2024-02-08 20:00:00,NO_QUERY,user_024,Sample tweet 466
4,1000467,2024-02-08 22:00:00,NO_QUERY,user_073,Sample tweet 467
4,1000468,2024-02-09 00:00:00,NO_QUERY,user_089,Sample tweet 468
0,1000469,2024-02-09 02:00:00,NO_QUERY,user_015,Sample tweet 469
2,1000470,2024-02-09 04:00:00,NO_QUERY,user_094,Sample tweet 470
4,1000471,2024-02-09 06:00:00,NO_QUERY,user_014,Sample tweet 471
4,1000472,2024-02-09 08:00:00,NO_QUERY,user_023,Sample tweet 472
0,1000473,2024-02-09 10:00:00,NO_QUERY,user_015,Sample tweet 473
0,1000474,2024-02-09 12:00:00,NO_QUERY,user_045,Sample tweet 474
4,1000475,2024-02-09 14:00:00,NO_QUERY,user_025,Sample tweet 475
2,1000476,2024-02-09 16:00:00,NO_QUERY,user_009,Sample tweet 476
2,1000477,2024-02-09 18:00:00,NO_QUERY,user_027,Sample tweet 477
0,1000478,2024-02-09 20:00:00,NO_QUERY,user_074,Sample tweet 478
4,1000479,2024-02-09 22:00:00,NO_QUERY,user_009,Sample tweet 479
0,1000480,2024-02-10 00:00:00,NO_QUERY,user_011,Sample tweet 480
4,1000481,2024-02-10 02:00:00,NO_QUERY,user_054,Sample tweet 481
4,1000482,2024-02-10 04:00:00,NO_QUERY,user_061,Sample tweet 482
4,1000483,2024-02-10 06:00:00,NO_QUERY,user_056,Sample tweet 483
0,1000484,2024-02-10 08:00:00,NO_QUERY,user_002,Sample tweet 484
2,1000485,2024-02-10 10:00:00,NO_QUERY,user_039,Sample tweet 485
2,1000486,2024-02-10 12:00:00,NO_QUERY,user_059,Sample tweet 486
4,1000487,2024-02-10 14:00:00,NO_QUERY,user_031,Sample tweet 487
2,1000488,2024-02-10 16:00:00,NO_QUERY,user_069,Sample tweet 488
4,1000489,2024-02-10 18:00:00,NO_QUERY,user_096,Sample tweet 489
4,1000490,2024-02-10 20:00:00,NO_QUERY,user_012,Sample tweet 490
2,1000491,2024-02-10 22:00:00,NO_QUERY,user_087,Sample tweet 491
2,1000492,2024-02-11 00:00:00,NO_QUERY,user_076,Sample tweet 492
2,1000493,2024-02-11 02:00:00,NO_QUERY,user_072,Sample tweet 493
4,1000494,2024-02-11 04:00:00,NO_QUERY,user_060,Sample tweet 494
2,1000495,2024-02-11 06:00:00,NO_QUERY,user_004,Sample tweet 495
0,1000496,2024-02-11 08:00:00,NO_QUERY,user_092,Sample tweet 496
4,1000497,2024-02-11 10:00:00,NO_QUERY,user_009,Sample tweet 497
0,1000498,2024-02-11 12:00:00,NO_QUERY,user_022,Sample tweet 498
2,1000499,2024-02-11 14:00:00,NO_QUERY,user_083,Sample tweet 499
2,1000500,2024-02-11 16:00:00,NO_QUERY,user_054,Sample tweet 500
0,1000501,2024-02-11 18:00:00,NO_QUERY,user_029,Sample tweet 501
4,1000502,2024-02-11 20:00:00,NO_QUERY,user_033,Sample tweet 502
4,1000503,2024-02-11 22:00:00,NO_QUERY,user_031,Sample tweet 503
2,1000504,2024-02-12 00:00:00,NO_QUERY,user_006,Sample tweet 504
0,1000505,2024-02-12 02:00:00,NO_QUERY,user_057,Sample tweet 505
2,1000506,2024-02-12 04:00:00,NO_QUERY,user_052,Sample tweet 506
0,1000507,2024-02-12 06:00:00,NO_QUERY,user_035,Sample tweet 507
0,1000508,2024-02-12 08:00:00,NO_QUERY,user_021,Sample tweet 508
2,1000509,2024-02-12 10:00:00,NO_QUERY,user_082,Sample tweet 509
2,1000510,2024-02-12 12:00:00,NO_QUERY,user_023,Sample tweet 510
0,1000511,2024-02-12 14:00:00,NO_QUERY,user_002,Sample tweet 511
4,1000512,2024-02-12 16:00:00,NO_QUERY,user_069,Sample tweet 512
0,1000513,2024-02-12 18:00:00,NO_QUERY,user_026,Sample tweet 513
2,1000514,2024-02-12 20:00:00,NO_QUERY,user_040,Sample tweet 514
0,1000515,2024-02-12 22:00:00,NO_QUERY,user_059,Sample tweet 515
4,1000516,2024-02-13 00:00:00,NO_QUERY,user_094,Sample tweet 516
2,1000517,2024-02-13 02:00:00,NO_QUERY,user_095,Sample tweet 517
2,1000518,2024-02-13 04:00:00,NO_QUERY,user_091,Sample tweet 518
0,1000519,2024-02-13 06:00:00,NO_QUERY,user_021,Sample tweet 519
4,1000520,2024-02-13 08:00:00,NO_QUERY,user_002,Sample tweet 520
4,1000521,2024-02-13 10:00:00,NO_QUERY,user_097,Sample tweet 521
2,1000522,2024-02-13 12:00:00,NO_QUERY,user_067,Sample tweet 522
2,1000523,2024-02-13 14:00:00,NO_QUERY,user_094,Sample tweet 523
2,1000524,2024-02-13 16:00:00,NO_QUERY,user_050,Sample tweet 524
2,1000525,2024-02-13 18:00:00,NO_QUERY,user_063,Sample tweet 525
0,1000526,2024-02-13 20:00:00,NO_QUERY,user_007,Sample tweet 526
4,1000527,2024-02-13 22:00:00,NO_QUERY,user_036,Sample tweet 527
4,1000528,2024-02-14 00:00:00,NO_QUERY,user_077,Sample tweet 528
4,1000529,2024-02-14 02:00:00,NO_QUERY,user_056,Sample tweet 529
4,1000530,2024-02-14 04:00:00,NO_QUERY,user_022,Sample tweet 530
2,1000531,2024-02-14 06:00:00,NO_QUERY,user_083,Sample tweet 531
4,1000532,2024-02-14 08:00:00,NO_QUERY,user_063,Sample tweet 532
2,1000533,2024-02-14 10:00:00,NO_QUERY,user_056,Sample tweet 533
4,1000534,2024-02-14 12:00:00,NO_QUERY,user_055,Sample tweet 534
4,1000535,2024-02-14 14:00:00,NO_QUERY,user_023,Sample tweet 535
4,1000536,2024-02-14 16:00:00,NO_QUERY,user_078,Sample tweet 536
0,1000537,2024-02-14 18:00:00,NO_QUERY,user_018,Sample tweet 537
4,1000538,2024-02-14 20:00:00,NO_QUERY,user_019,Sample tweet 538
2,1000539,2024-02-14 22:00:00,NO_QUERY,user_025,Sample tweet 539
2,1000540,2024-02-15 00:00:00,NO_QUERY,user_011,Sample tweet 540
0,1000541,2024-02-15 02:00:00,NO_QUERY,user_086,Sample tweet 541
4,1000542,2024-02-15 04:00:00,NO_QUERY,user_021,Sample tweet 542
0,1000543,2024-02-15 06:00:00,NO_QUERY,user_097,Sample tweet 543
4,1000544,2024-02-15 08:00:00,NO_QUERY,user_083,Sample tweet 544
0,1000545,2024-02-15 10:00:00,NO_QUERY,user_096,Sample tweet 545
0,1000546,2024-02-15 12:00:00,NO_QUERY,user_099,Sample tweet 546
2,1000547,2024-02-15 14:00:00,NO_QUERY,user_076,Sample tweet 547
2,1000548,2024-02-15 16:00:00,NO_QUERY,user_043,Sample tweet 548
4,1000549,2024-02-15 18:00:00,NO_QUERY,user_005,Sample tweet 549
0,1000550,2024-02-15 20:00:00,NO_QUERY,user_065,Sample tweet 550
2,1000551,2024-02-15 22:00:00,NO_QUERY,user_075,Sample tweet 551
0,1000552,2024-02-16 00:00:00,NO_QUERY,user_000,Sample tweet 552
0,1000553,2024-02-16 02:00:00,NO_QUERY,user_091,Sample tweet 553
0,1000554,2024-02-16 04:00:00,NO_QUERY,user_045,Sample tweet 554
4,1000555,2024-02-16 06:00:00,NO_QUERY,user_024,Sample tweet 555
0,1000556,2024-02-16 08:00:00,NO_QUERY,user_072,Sample tweet 556
2,1000557,2024-02-16 10:00:00,NO_QUERY,user_030,Sample tweet 557
4,1000558,2024-02-16 12:00:00,NO_QUERY,user_002,Sample tweet 558
2,1000559,2024-02-16 14:00:00,NO_QUERY,user_029,Sample tweet 559
0,1000560,2024-02-16 16:00:00,NO_QUERY,user_089,Sample tweet 560
2,1000561,2024-02-16 18:00:00,NO_QUERY,user_008,Sample tweet 561
4,1000562,2024-02-16 20:00:00,NO_QUERY,user_079,Sample tweet 562
0,1000563,2024-02-16 22:00:00,NO_QUERY,user_022,Sample tweet 563
4,1000564,2024-02-17 00:00:00,NO_QUERY,user_022,Sample tweet 564
4,1000565,2024-02-17 02:00:00,NO_QUERY,user_059,Sample tweet 565
0,1000566,2024-02-17 04:00:00,NO_QUERY,user_082,Sample tweet 566
0,1000567,2024-02-17 06:00:00,NO_QUERY,user_057,Sample tweet 567
2,1000568,2024-02-17 08:00:00,NO_QUERY,user_094,Sample tweet 568
2,1000569,2024-02-17 10:00:00,NO_QUERY,user_024,Sample tweet 569
4,1000570,2024-02-17 12:00:00,NO_QUERY,user_057,Sample tweet 570
0,1000571,2024-02-17 14:00:00,NO_QUERY,user_083,Sample tweet 571
2,1000572,2024-02-17 16:00:00,NO_QUERY,user_080,Sample tweet 572
4,1000573,2024-02-17 18:00:00,NO_QUERY,user_099,Sample tweet 573
0,1000574,2024-02-17 20:00:00,NO_QUERY,user_041,Sample tweet 574
4,1000575,2024-02-17 22:00:00,NO_QUERY,user_034,Sample tweet 575
0,1000576,2024-02-18 00:00:00,NO_QUERY,user_000,Sample tweet 576
4,1000577,2024-02-18 02:00:00,NO_QUERY,user_083,Sample tweet 577
2,1000578,2024-02-18 04:00:00,NO_QUERY,user_097,Sample tweet 578
0,1000579,2024-02-18 06:00:00,NO_QUERY,user_021,Sample tweet 579
0,1000580,2024-02-18 08:00:00,NO_QUERY,user_040,Sample tweet 580
2,1000581,2024-02-18 10:00:00,NO_QUERY,user_080,Sample tweet 581
2,1000582,2024-02-18 12:00:00,NO_QUERY,user_010,Sample tweet 582
2,1000583,2024-02-18 14:00:00,NO_QUERY,user_005,Sample tweet 583
0,1000584,2024-02-18 16:00:00,NO_QUERY,user_087,Sample tweet 584
2,1000585,2024-02-18 18:00:00,NO_QUERY,user_060,Sample tweet 585
2,1000586,2024-02-18 20:00:00,NO_QUERY,user_015,Sample tweet 586
0,1000587,2024-02-18 22:00:00,NO_QUERY,user_009,Sample tweet 587
0,1000588,2024-02-19 00:00:00,NO_QUERY,user_015,Sample tweet 588
2,1000589,2024-02-19 02:00:00,NO_QUERY,user_010,Sample tweet 589
0,1000590,2024-02-19 04:00:00,NO_QUERY,user_012,Sample tweet 590
2,1000591,2024-02-19 06:00:00,NO_QUERY,user_022,Sample tweet 591
4,1000592,2024-02-19 08:00:00,NO_QUERY,user_031,Sample tweet 592
4,1000593,2024-02-19 10:00:00,NO_QUERY,user_010,Sample tweet 593
4,1000594,2024-02-19 12:00:00,NO_QUERY,user_075,Sample tweet 594
0,1000595,2024-02-19 14:00:00,NO_QUERY,user_081,Sample tweet 595
0,1000596,2024-02-19 16:00:00,NO_QUERY,user_065,Sample tweet 596
0,1000597,2024-02-19 18:00:00,NO_QUERY,user_038,Sample tweet 597
0,1000598,2024-02-19 20:00:00,NO_QUERY,user_076,Sample tweet 598
2,1000599,2024-02-19 22:00:00,NO_QUERY,user_047,Sample tweet 599
0,1000600,2024-02-20 00:00:00,NO_QUERY,user_064,Sample tweet 600
0,1000601,2024-02-20 02:00:00,NO_QUERY,user_022,Sample tweet 601
0,1000602,2024-02-20 04:00:00,NO_QUERY,user_045,Sample tweet 602
0,1000603,2024-02-20 06:00:00,NO_QUERY,user_011,Sample tweet 603
4,1000604,2024-02-20 08:00:00,NO_QUERY,user_076,Sample tweet 604
0,1000605,2024-02-20 10:00:00,NO_QUERY,user_053,Sample tweet 605
2,1000606,2024-02-20 12:00:00,NO_QUERY,user_074,Sample tweet 606
4,1000607,2024-02-20 14:00:00,NO_QUERY,user_009,Sample tweet 607
2,1000608,2024-02-20 16:00:00,NO_QUERY,user_039,Sample tweet 608
4,1000609,2024-02-20 18:00:00,NO_QUERY,user_031,Sample tweet 609
0,1000610,2024-02-20 20:00:00,NO_QUERY,user_039,Sample tweet 610
0,1000611,2024-02-20 22:00:00,NO_QUERY,user_092,Sample tweet 611
0,1000612,2024-02-21 00:00:00,NO_QUERY,user_079,Sample tweet 612
2,1000613,2024-02-21 02:00:00,NO_QUERY,user_065,Sample tweet 613
0,1000614,2024-02-21 04:00:00,NO_QUERY,user_078,Sample tweet 614
0,1000615,2024-02-21 06:00:00,NO_QUERY,user_097,Sample tweet 615
4,1000616,2024-02-21 08:00:00,NO_QUERY,user_033,Sample tweet 616
0,1000617,2024-02-21 10:00:00,NO_QUERY,user_039,Sample tweet 617
0,1000618,2024-02-21 12:00:00,NO_QUERY,user_047,Sample tweet 618
2,1000619,2024-02-21 14:00:00,NO_QUERY,user_098,Sample tweet 619
2,1000620,2024-02-21 16:00:00,NO_QUERY,user_069,Sample tweet 620
0,1000621,2024-02-21 18:00:00,NO_QUERY,user_096,Sample tweet 621
0,1000622,2024-02-21 20:00:00,NO_QUERY,user_041,Sample tweet 622
0,1000623,2024-02-21 22:00:00,NO_QUERY,user_035,Sample tweet 623
0,1000624,2024-02-22 00:00:00,NO_QUERY,user_085,Sample tweet 624
4,1000625,2024-02-22 02:00:00,NO_QUERY,user_066,Sample tweet 625
2,1000626,2024-02-22 04:00:00,NO_QUERY,user_049,Sample tweet 626
0,1000627,2024-02-22 06:00:00,NO_QUERY,user_068,Sample tweet 627
0,1000628,2024-02-22 08:00:00,NO_QUERY,user_034,Sample tweet 628
0,1000629,2024-02-22 10:00:00,NO_QUERY,user_020,Sample tweet 629
0,1000630,2024-02-22 12:00:00,NO_QUERY,user_016,Sample tweet 630
0,1000631,2024-02-22 14:00:00,NO_QUERY,user_010,Sample tweet 631
2,1000632,2024-02-22 16:00:00,NO_QUERY,user_004,Sample tweet 632
4,1000633,2024-02-22 18:00:00,NO_QUERY,user_004,Sample tweet 633
0,1000634,2024-02-22 20:00:00,NO_QUERY,user_084,Sample tweet 634
0,1000635,2024-02-22 22:00:00,NO_QUERY,user_062,Sample tweet 635
0,1000636,2024-02-23 00:00:00,NO_QUERY,user_075,Sample tweet 636
2,1000637,2024-02-23 02:00:00,NO_QUERY,user_050,Sample tweet 637
2,1000638,2024-02-23 04:00:00,NO_QUERY,user_053,Sample tweet 638
0,1000639,2024-02-23 06:00:00,NO_QUERY,user_003,Sample tweet 639
0,1000640,2024-02-23 08:00:00,NO_QUERY,user_009,Sample tweet 640
0,1000641,2024-02-23 10:00:00,NO_QUERY,user_056,Sample tweet 641
2,1000642,2024-02-23 12:00:00,NO_QUERY,user_057,Sample tweet 642
0,1000643,2024-02-23 14:00:00,NO_QUERY,user_031,Sample tweet 643
0,1000644,2024-02-23 16:00:00,NO_QUERY,user_009,Sample tweet 644
2,1000645,2024-02-23 18:00:00,NO_QUERY,user_010,Sample tweet 645
2,1000646,2024-02-23 20:00:00,NO_QUERY,user_070,Sample tweet 646
0,1000647,2024-02-23 22:00:00,NO_QUERY,user_078,Sample tweet 647
0,1000648,2024-02-24 00:00:00,NO_QUERY,user_060,Sample tweet 648
0,1000649,2024-02-24 02:00:00,NO_QUERY,user_068,Sample tweet 649
4,1000650,2024-02-24 04:00:00,NO_QUERY,user_023,Sample tweet 650
4,1000651,2024-02-24 06:00:00,NO_QUERY,user_091,Sample tweet 651
4,1000652,2024-02-24 08:00:00,NO_QUERY,user_072,Sample tweet 652
0,1000653,2024-02-24 10:00:00,NO_QUERY,user_001,Sample tweet 653
2,1000654,2024-02-24 12:00:00,NO_QUERY,user_005,Sample tweet 654
2,1000655,2024-02-24 14:00:00,NO_QUERY,user_009,Sample tweet 655
0,1000656,2024-02-24 16:00:00,NO_QUERY,user_045,Sample tweet 656
0,1000657,2024-02-24 18:00:00,NO_QUERY,user_077,Sample tweet 657
2,1000658,2024-02-24 20:00:00,NO_QUERY,user_074,Sample tweet 658
2,1000659,2024-02-24 22:00:00,NO_QUERY,user_095,Sample tweet 659
0,1000660,2024-02-25 00:00:00,NO_QUERY,user_024,Sample tweet 660
4,1000661,2024-02-25 02:00:00,NO_QUERY,user_087,Sample tweet 661
4,1000662,2024-02-25 04:00:00,NO_QUERY,user_056,Sample tweet 662
0,1000663,2024-02-25 06:00:00,NO_QUERY,user_046,Sample tweet 663
0,1000664,2024-02-25 08:00:00,NO_QUERY,user_017,Sample tweet 664
4,1000665,2024-02-25 10:00:00,NO_QUERY,user_088,Sample tweet 665
0,1000666,2024-02-25 12:00:00,NO_QUERY,user_047,Sample tweet 666
4,1000667,2024-02-25 14:00:00,NO_QUERY,user_059,Sample tweet 667
2,1000668,2024-02-25 16:00:00,NO_QUERY,user_076,Sample tweet 668
2,1000669,2024-02-25 18:00:00,NO_QUERY,user_002,Sample tweet 669
4,1000670,2024-02-25 20:00:00,NO_QUERY,user_004,Sample tweet 670
4,1000671,2024-02-25 22:00:00,NO_QUERY,user_025,Sample tweet 671
0,1000672,2024-02-26 00:00:00,NO_QUERY,user_056,Sample tweet 672
2,1000673,2024-02-26 02:00:00,NO_QUERY,user_016,Sample tweet 673
2,1000674,2024-02-26 04:00:00,NO_QUERY,user_064,Sample tweet 674
4,1000675,2024-02-26 06:00:00,NO_QUERY,user_078,Sample tweet 675
4,1000676,2024-02-26 08:00:00,NO_QUERY,user_099,Sample tweet 676
0,1000677,2024-02-26 10:00:00,NO_QUERY,user_013,Sample tweet 677
0,1000678,2024-02-26 12:00:00,NO_QUERY,user_010,Sample tweet 678
4,1000679,2024-02-26 14:00:00,NO_QUERY,user_070,Sample tweet 679
0,1000680,2024-02-26 16:00:00,NO_QUERY,user_016,Sample tweet 680
0,1000681,2024-02-26 18:00:00,NO_QUERY,user_004,Sample tweet 681
4,1000682,2024-02-26 20:00:00,NO_QUERY,user_083,Sample tweet 682
2,1000683,2024-02-26 22:00:00,NO_QUERY,user_072,Sample tweet 683
4,1000684,2024-02-27 00:00:00,NO_QUERY,user_038,Sample tweet 684
4,1000685,2024-02-27 02:00:00,NO_QUERY,user_017,Sample tweet 685
2,1000686,2024-02-27 04:00:00,NO_QUERY,user_018,Sample tweet 686
4,1000687,2024-02-27 06:00:00,NO_QUERY,user_050,Sample tweet 687
2,1000688,2024-02-27 08:00:00,NO_QUERY,user_070,Sample tweet 688
2,1000689,2024-02-27 10:00:00,NO_QUERY,user_056,Sample tweet 689
0,1000690,2024-02-27 12:00:00,NO_QUERY,user_007,Sample tweet 690
0,1000691,2024-02-27 14:00:00,NO_QUERY,user_012,Sample tweet 691
0,1000692,2024-02-27 16:00:00,NO_QUERY,user_085,Sample tweet 692
2,1000693,2024-02-27 18:00:00,NO_QUERY,user_046,Sample tweet 693
4,1000694,2024-02-27 20:00:00,NO_QUERY,user_000,Sample tweet 694
2,1000695,2024-02-27 22:00:00,NO_QUERY,user_050,Sample tweet 695
2,1000696,2024-02-28 00:00:00,NO_QUERY,user_080,Sample tweet 696
4,1000697,2024-02-28 02:00:00,NO_QUERY,user_048,Sample tweet 697
2,1000698,2024-02-28 04:00:00,NO_QUERY,user_031,Sample tweet 698
2,1000699,2024-02-28 06:00:00,NO_QUERY,user_024,Sample tweet 699
2,1000700,2024-02-28 08:00:00,NO_QUERY,user_062,Sample tweet 700
4,1000701,2024-02-28 10:00:00,NO_QUERY,user_035,Sample tweet 701
0,1000702,2024-02-28 12:00:00,NO_QUERY,user_045,Sample tweet 702
4,1000703,2024-02-28 14:00:00,NO_QUERY,user_048,Sample tweet 703
0,1000704,2024-02-28 16:00:00,NO_QUERY,user_032,Sample tweet 704
2,1000705,2024-02-28 18:00:00,NO_QUERY,user_017,Sample tweet 705
0,1000706,2024-02-28 20:00:00,NO_QUERY,user_050,Sample tweet 706
0,1000707,2024-02-28 22:00:00,NO_QUERY,user_068,Sample tweet 707
2,1000708,2024-02-29 00:00:00,NO_QUERY,user_062,Sample tweet 708
0,1000709,2024-02-29 02:00:00,NO_QUERY,user_000,Sample tweet 709
0,1000710,2024-02-29 04:00:00,NO_QUERY,user_027,Sample tweet 710
4,1000711,2024-02-29 06:00:00,NO_QUERY,user_047,Sample tweet 711
2,1000712,2024-02-29 08:00:00,NO_QUERY,user_014,Sample tweet 712
0,1000713,2024-02-29 10:00:00,NO_QUERY,user_061,Sample tweet 713
0,1000714,2024-02-29 12:00:00,NO_QUERY,user_036,Sample tweet 714
0,1000715,2024-02-29 14:00:00,NO_QUERY,user_054,Sample tweet 715
4,1000716,2024-02-29 16:00:00,NO_QUERY,user_048,Sample tweet 716
2,1000717,2024-02-29 18:00:00,NO_QUERY,user_032,Sample tweet 717
4,1000718,2024-02-29 20:00:00,NO_QUERY,user_022,Sample tweet 718
4,1000719,2024-02-29 22:00:00,NO_QUERY,user_040,Sample tweet 719
0,1000720,2024-03-01 00:00:00,NO_QUERY,user_063,Sample tweet 720
0,1000721,2024-03-01 02:00:00,NO_QUERY,user_032,Sample tweet 721
4,1000722,2024-03-01 04:00:00,NO_QUERY,user_027,Sample tweet 722
2,1000723,2024-03-01 06:00:00,NO_QUERY,user_060,Sample tweet 723
2,1000724,2024-03-01 08:00:00,NO_QUERY,user_011,Sample tweet 724
4,1000725,2024-03-01 10:00:00,NO_QUERY,user_006,Sample tweet 725
2,1000726,2024-03-01 12:00:00,NO_QUERY,user_022,Sample tweet 726
2,1000727,2024-03-01 14:00:00,NO_QUERY,user_032,Sample tweet 727
2,1000728,2024-03-01 16:00:00,NO_QUERY,user_032,Sample tweet 728
2,1000729,2024-03-01 18:00:00,NO_QUERY,user_028,Sample tweet 729
2,1000730,2024-03-01 20:00:00,NO_QUERY,user_071,Sample tweet 730
0,1000731,2024-03-01 22:00:00,NO_QUERY,user_054,Sample tweet 731
2,1000732,2024-03-02 00:00:00,NO_QUERY,user_053,Sample tweet 732
0,1000733,2024-03-02 02:00:00,NO_QUERY,user_058,Sample tweet 733
4,1000734,2024-03-02 04:00:00,NO_QUERY,user_091,Sample tweet 734
0,1000735,2024-03-02 06:00:00,NO_QUERY,user_040,Sample tweet 735
2,1000736,2024-03-02 08:00:00,NO_QUERY,user_032,Sample tweet 736
2,1000737,2024-03-02 10:00:00,NO_QUERY,user_078,Sample tweet 737
2,1000738,2024-03-02 12:00:00,NO_QUERY,user_046,Sample tweet 738
0,1000739,2024-03-02 14:00:00,NO_QUERY,user_009,Sample tweet 739
2,1000740,2024-03-02 16:00:00,NO_QUERY,user_087,Sample tweet 740
2,1000741,2024-03-02 18:00:00,NO_QUERY,user_088,Sample tweet 741
0,1000742,2024-03-02 20:00:00,NO_QUERY,user_094,Sample tweet 742
4,1000743,2024-03-02 22:00:00,NO_QUERY,user_073,Sample tweet 743
0,1000744,2024-03-03 00:00:00,NO_QUERY,user_058,Sample tweet 744
0,1000745,2024-03-03 02:00:00,NO_QUERY,user_092,Sample tweet 745
4,1000746,2024-03-03 04:00:00,NO_QUERY,user_098,Sample tweet 746
0,1000747,2024-03-03 06:00:00,NO_QUERY,user_079,Sample tweet 747
4,1000748,2024-03-03 08:00:00,NO_QUERY,user_094,Sample tweet 748
4,1000749,2024-03-03 10:00:00,NO_QUERY,user_074,Sample tweet 749
0,1000750,2024-03-03 12:00:00,NO_QUERY,user_052,Sample tweet 750
2,1000751,2024-03-03 14:00:00,NO_QUERY,user_080,Sample tweet 751
2,1000752,2024-03-03 16:00:00,NO_QUERY,user_083,Sample tweet 752
2,1000753,2024-03-03 18:00:00,NO_QUERY,user_094,Sample tweet 753
4,1000754,2024-03-03 20:00:00,NO_QUERY,user_011,Sample tweet 754
2,1000755,2024-03-03 22:00:00,NO_QUERY,user_062,Sample tweet 755
4,1000756,2024-03-04 00:00:00,NO_QUERY,user_034,Sample tweet 756
0,1000757,2024-03-04 02:00:00,NO_QUERY,user_018,Sample tweet 757
0,1000758,2024-03-04 04:00:00,NO_QUERY,user_028,Sample tweet 758
4,1000759,2024-03-04 06:00:00,NO_QUERY,user_020,Sample tweet 759
0,1000760,2024-03-04 08:00:00,NO_QUERY,user_006,Sample tweet 760
2,1000761,2024-03-04 10:00:00,NO_QUERY,user_075,Sample tweet 761
4,1000762,2024-03-04 12:00:00,NO_QUERY,user_090,Sample tweet 762
0,1000763,2024-03-04 14:00:00,NO_QUERY,user_085,Sample tweet 763
4,1000764,2024-03-04 16:00:00,NO_QUERY,user_074,Sample tweet 764
2,1000765,2024-03-04 18:00:00,NO_QUERY,user_013,Sample tweet 765
2,1000766,2024-03-04 20:00:00,NO_QUERY,user_048,Sample tweet 766
2,1000767,2024-03-04 22:00:00,NO_QUERY,user_022,Sample tweet 767
2,1000768,2024-03-05 00:00:00,NO_QUERY,user_057,Sample tweet 768
4,1000769,2024-03-05 02:00:00,NO_QUERY,user_036,Sample tweet 769
4,1000770,2024-03-05 04:00:00,NO_QUERY,user_030,Sample tweet 770
2,1000771,2024-03-05 06:00:00,NO_QUERY,user_028,Sample tweet 771
0,1000772,2024-03-05 08:00:00,NO_QUERY,user_094,Sample tweet 772
2,1000773,2024-03-05 10:00:00,NO_QUERY,user_069,Sample tweet 773
4,1000774,2024-03-05 12:00:00,NO_QUERY,user_064,Sample tweet 774
0,1000775,2024-03-05 14:00:00,NO_QUERY,user_089,Sample tweet 775
2,1000776,2024-03-05 16:00:00,NO_QUERY,user_062,Sample tweet 776
0,1000777,2024-03-05 18:00:00,NO_QUERY,user_008,Sample tweet 777
2,1000778,2024-03-05 20:00:00,NO_QUERY,user_050,Sample tweet 778
2,1000779,2024-03-05 22:00:00,NO_QUERY,user_002,Sample tweet 779
2,1000780,2024-03-06 00:00:00,NO_QUERY,user_041,Sample tweet 780
2,1000781,2024-03-06 02:00:00,NO_QUERY,user_022,Sample tweet 781
0,1000782,2024-03-06 04:00:00,NO_QUERY,user_016,Sample tweet 782
0,1000783,2024-03-06 06:00:00,NO_QUERY,user_043,Sample tweet 783
4,1000784,2024-03-06 08:00:00,NO_QUERY,user_019,Sample tweet 784
4,1000785,2024-03-06 10:00:00,NO_QUERY,user_083,Sample tweet 785
4,1000786,2024-03-06 12:00:00,NO_QUERY,user_063,Sample tweet 786
4,1000787,2024-03-06 14:00:00,NO_QUERY,user_012,Sample tweet 787
4,1000788,2024-03-06 16:00:00,NO_QUERY,user_012,Sample tweet 788
4,1000789,2024-03-06 18:00:00,NO_QUERY,user_021,Sample tweet 789
4,1000790,2024-03-06 20:00:00,NO_QUERY,user_071,Sample tweet 790
2,1000791,2024-03-06 22:00:00,NO_QUERY,user_006,Sample tweet 791
0,1000792,2024-03-07 00:00:00,NO_QUERY,user_066,Sample tweet 792
4,1000793,2024-03-07 02:00:00,NO_QUERY,user_097,Sample tweet 793
0,1000794,2024-03-07 04:00:00,NO_QUERY,user_042,Sample tweet 794
2,1000795,2024-03-07 06:00:00,NO_QUERY,user_003,Sample tweet 795
2,1000796,2024-03-07 08:00:00,NO_QUERY,user_065,Sample tweet 796
0,1000797,2024-03-07 10:00:00,NO_QUERY,user_093,Sample tweet 797
0,1000798,2024-03-07 12:00:00,NO_QUERY,user_058,Sample tweet 798
4,1000799,2024-03-07 14:00:00,NO_QUERY,user_093,Sample tweet 799
2,1000800,2024-03-07 16:00:00,NO_QUERY,user_001,Sample tweet 800
4,1000801,2024-03-07 18:00:00,NO_QUERY,user_023,Sample tweet 801
2,1000802,2024-03-07 20:00:00,NO_QUERY,user_038,Sample tweet 802
0,1000803,2024-03-07 22:00:00,NO_QUERY,user_030,Sample tweet 803
2,1000804,2024-03-08 00:00:00,NO_QUERY,user_056,Sample tweet 804
4,1000805,2024-03-08 02:00:00,NO_QUERY,user_082,Sample tweet 805
0,1000806,2024-03-08 04:00:00,NO_QUERY,user_085,Sample tweet 806
4,1000807,2024-03-08 06:00:00,NO_QUERY,user_038,Sample tweet 807
0,1000808,2024-03-08 08:00:00,NO_QUERY,user_040,Sample tweet 808
2,1000809,2024-03-08 10:00:00,NO_QUERY,user_045,Sample tweet 809
2,1000810,2024-03-08 12:00:00,NO_QUERY,user_008,Sample tweet 810
0,1000811,2024-03-08 14:00:00,NO_QUERY,user_087,Sample tweet 811
4,1000812,2024-03-08 16:00:00,NO_QUERY,user_018,Sample tweet 812
0,1000813,2024-03-08 18:00:00,NO_QUERY,user_026,Sample tweet 813
2,1000814,2024-03-08 20:00:00,NO_QUERY,user_019,Sample tweet 814
2,1000815,2024-03-08 22:00:00,NO_QUERY,user_004,Sample tweet 815
4,1000816,2024-03-09 00:00:00,NO_QUERY,user_041,Sample tweet 816
0,1000817,2024-03-09 02:00:00,NO_QUERY,user_092,Sample tweet 817
4,1000818,2024-03-09 04:00:00,NO_QUERY,user_035,Sample tweet 818
2,1000819,2024-03-09 06:00:00,NO_QUERY,user_035,Sample tweet 819
4,1000820,2024-03-09 08:00:00,NO_QUERY,user_090,Sample tweet 820
2,1000821,2024-03-09 10:00:00,NO_QUERY,user_080,Sample tweet 821
0,1000822,2024-03-09 12:00:00,NO_QUERY,user_017,Sample tweet 822
4,1000823,2024-03-09 14:00:00,NO_QUERY,user_013,Sample tweet 823
0,1000824,2024-03-09 16:00:00,NO_QUERY,user_043,Sample tweet 824
2,1000825,2024-03-09 18:00:00,NO_QUERY,user_037,Sample tweet 825
0,1000826,2024-03-09 20:00:00,NO_QUERY,user_039,Sample tweet 826
0,1000827,2024-03-09 22:00:00,NO_QUERY,user_054,Sample tweet 827
2,1000828,2024-03-10 00:00:00,NO_QUERY,user_099,Sample tweet 828
2,1000829,2024-03-10 02:00:00,NO_QUERY,user_061,Sample tweet 829
0,1000830,2024-03-10 04:00:00,NO_QUERY,user_014,Sample tweet 830
2,1000831,2024-03-10 06:00:00,NO_QUERY,user_071,Sample tweet 831
0,1000832,2024-03-10 08:00:00,NO_QUERY,user_081,Sample tweet 832
0,1000833,2024-03-10 10:00:00,NO_QUERY,user_074,Sample tweet 833
2,1000834,2024-03-10 12:00:00,NO_QUERY,user_073,Sample tweet 834
2,1000835,2024-03-10 14:00:00,NO_QUERY,user_017,Sample tweet 835
0,1000836,2024-03-10 16:00:00,NO_QUERY,user_094,Sample tweet 836
0,1000837,2024-03-10 18:00:00,NO_QUERY,user_026,Sample tweet 837
4,1000838,2024-03-10 20:00:00,NO_QUERY,user_062,Sample tweet 838
2,1000839,2024-03-10 22:00:00,NO_QUERY,user_008,Sample tweet 839
4,1000840,2024-03-11 00:00:00,NO_QUERY,user_045,Sample tweet 840
4,1000841,2024-03-11 02:00:00,NO_QUERY,user_093,Sample tweet 841
0,1000842,2024-03-11 04:00:00,NO_QUERY,user_079,Sample tweet 842
0,1000843,2024-03-11 06:00:00,NO_QUERY,user_082,Sample tweet 843
4,1000844,2024-03-11 08:00:00,NO_QUERY,user_006,Sample tweet 844
4,1000845,2024-03-11 10:00:00,NO_QUERY,user_022,Sample tweet 845
2,1000846,2024-03-11 12:00:00,NO_QUERY,user_073,Sample tweet 846
0,1000847,2024-03-11 14:00:00,NO_QUERY,user_074,Sample tweet 847
4,1000848,2024-03-11 16:00:00,NO_QUERY,user_029,Sample tweet 848
0,1000849,2024-03-11 18:00:00,NO_QUERY,user_061,Sample tweet 849
0,1000850,2024-03-11 20:00:00,NO_QUERY,user_004,Sample tweet 850
0,1000851,2024-03-11 22:00:00,NO_QUERY,user_058,Sample tweet 851
4,1000852,2024-03-12 00:00:00,NO_QUERY,user_009,Sample tweet 852
2,1000853,2024-03-12 02:00:00,NO_QUERY,user_046,Sample tweet 853
2,1000854,2024-03-12 04:00:00,NO_QUERY,user_082,Sample tweet 854
4,1000855,2024-03-12 06:00:00,NO_QUERY,user_005,Sample tweet 855
0,1000856,2024-03-12 08:00:00,NO_QUERY,user_019,Sample tweet 856
2,1000857,2024-03-12 10:00:00,NO_QUERY,user_037,Sample tweet 857
0,1000858,2024-03-12 12:00:00,NO_QUERY,user_062,Sample tweet 858
2,1000859,2024-03-12 14:00:00,NO_QUERY,user_088,Sample tweet 859
0,1000860,2024-03-12 16:00:00,NO_QUERY,user_003,Sample tweet 860
2,1000861,2024-03-12 18:00:00,NO_QUERY,user_034,Sample tweet 861
2,1000862,2024-03-12 20:00:00,NO_QUERY,user_038,Sample tweet 862
4,1000863,2024-03-12 22:00:00,NO_QUERY,user_065,Sample tweet 863
4,1000864,2024-03-13 00:00:00,NO_QUERY,user_085,Sample tweet 864
4,1000865,2024-03-13 02:00:00,NO_QUERY,user_097,Sample tweet 865
2,1000866,2024-03-13 04:00:00,NO_QUERY,user_019,Sample tweet 866
2,1000867,2024-03-13 06:00:00,NO_QUERY,user_090,Sample tweet 867
4,1000868,2024-03-13 08:00:00,NO_QUERY,user_072,Sample tweet 868
0,1000869,2024-03-13 10:00:00,NO_QUERY,user_007,Sample tweet 869
2,1000870,2024-03-13 12:00:00,NO_QUERY,user_021,Sample tweet 870
4,1000871,2024-03-13 14:00:00,NO_QUERY,user_095,Sample tweet 871
2,1000872,2024-03-13 16:00:00,NO_QUERY,user_097,Sample tweet 872
2,1000873,2024-03-13 18:00:00,NO_QUERY,user_098,Sample tweet 873
0,1000874,2024-03-13 20:00:00,NO_QUERY,user_010,Sample tweet 874
4,1000875,2024-03-13 22:00:00,NO_QUERY,user_064,Sample tweet 875
2,1000876,2024-03-14 00:00:00,NO_QUERY,user_029,Sample tweet 876
0,1000877,2024-03-14 02:00:00,NO_QUERY,user_062,Sample tweet 877
4,1000878,2024-03-14 04:00:00,NO_QUERY,user_063,Sample tweet 878
2,1000879,2024-03-14 06:00:00,NO_QUERY,user_058,Sample tweet 879
0,1000880,2024-03-14 08:00:00,NO_QUERY,user_097,Sample tweet 880
4,1000881,2024-03-14 10:00:00,NO_QUERY,user_069,Sample tweet 881
0,1000882,2024-03-14 12:00:00,NO_QUERY,user_031,Sample tweet 882
0,1000883,2024-03-14 14:00:00,NO_QUERY,user_000,Sample tweet 883
2,1000884,2024-03-14 16:00:00,NO_QUERY,user_035,Sample tweet 884
4,1000885,2024-03-14 18:00:00,NO_QUERY,user_086,Sample tweet 885
2,1000886,2024-03-14 20:00:00,NO_QUERY,user_088,Sample tweet 886
0,1000887,2024-03-14 22:00:00,NO_QUERY,user_078,Sample tweet 887
0,1000888,2024-03-15 00:00:00,NO_QUERY,user_026,Sample tweet 888
0,1000889,2024-03-15 02:00:00,NO_QUERY,user_041,Sample tweet 889
4,1000890,2024-03-15 04:00:00,NO_QUERY,user_065,Sample tweet 890
0,1000891,2024-03-15 06:00:00,NO_QUERY,user_023,Sample tweet 891
0,1000892,2024-03-15 08:00:00,NO_QUERY,user_062,Sample tweet 892
0,1000893,2024-03-15 10:00:00,NO_QUERY,user_052,Sample tweet 893
2,1000894,2024-03-15 12:00:00,NO_QUERY,user_090,Sample tweet 894
0,1000895,2024-03-15 14:00:00,NO_QUERY,user_038,Sample tweet 895
0,1000896,2024-03-15 16:00:00,NO_QUERY,user_064,Sample tweet 896
4,1000897,2024-03-15 18:00:00,NO_QUERY,user_013,Sample tweet 897
0,1000898,2024-03-15 20:00:00,NO_QUERY,user_045,Sample tweet 898
0,1000899,2024-03-15 22:00:00,NO_QUERY,user_046,Sample tweet 899
4,1000900,2024-03-16 00:00:00,NO_QUERY,user_088,Sample tweet 900
2,1000901,2024-03-16 02:00:00,NO_QUERY,user_055,Sample tweet 901
2,1000902,2024-03-16 04:00:00,NO_QUERY,user_023,Sample tweet 902
2,1000903,2024-03-16 06:00:00,NO_QUERY,user_041,Sample tweet 903
2,1000904,2024-03-16 08:00:00,NO_QUERY,user_005,Sample tweet 904
4,1000905,2024-03-16 10:00:00,NO_QUERY,user_052,Sample tweet 905
0,1000906,2024-03-16 12:00:00,NO_QUERY,user_052,Sample tweet 906
0,1000907,2024-03-16 14:00:00,NO_QUERY,user_051,Sample tweet 907
2,1000908,2024-03-16 16:00:00,NO_QUERY,user_073,Sample tweet 908
4,1000909,2024-03-16 18:00:00,NO_QUERY,user_030,Sample tweet 909
2,1000910,2024-03-16 20:00:00,NO_QUERY,user_009,Sample tweet 910
0,1000911,2024-03-16 22:00:00,NO_QUERY,user_047,Sample tweet 911
0,1000912,2024-03-17 00:00:00,NO_QUERY,user_009,Sample tweet 912
4,1000913,2024-03-17 02:00:00,NO_QUERY,user_042,Sample tweet 913
4,1000914,2024-03-17 04:00:00,NO_QUERY,user_027,Sample tweet 914
4,1000915,2024-03-17 06:00:00,NO_QUERY,user_016,Sample tweet 915
0,1000916,2024-03-17 08:00:00,NO_QUERY,user_011,Sample tweet 916
4,1000917,2024-03-17 10:00:00,NO_QUERY,user_053,Sample tweet 917
2,1000918,2024-03-17 12:00:00,NO_QUERY,user_074,Sample tweet 918
0,1000919,2024-03-17 14:00:00,NO_QUERY,user_037,Sample tweet 919
2,1000920,2024-03-17 16:00:00,NO_QUERY,user_042,Sample tweet 920
2,1000921,2024-03-17 18:00:00,NO_QUERY,user_006,Sample tweet 921
4,1000922,2024-03-17 20:00:00,NO_QUERY,user_099,Sample tweet 922
2,1000923,2024-03-17 22:00:00,NO_QUERY,user_053,Sample tweet 923
2,1000924,2024-03-18 00:00:00,NO_QUERY,user_090,Sample tweet 924
2,1000925,2024-03-18 02:00:00,NO_QUERY,user_094,Sample tweet 925
4,1000926,2024-03-18 04:00:00,NO_QUERY,user_005,Sample tweet 926
2,1000927,2024-03-18 06:00:00,NO_QUERY,user_006,Sample tweet 927
4,1000928,2024-03-18 08:00:00,NO_QUERY,user_050,Sample tweet 928
2,1000929,2024-03-18 10:00:00,NO_QUERY,user_074,Sample tweet 929
2,1000930,2024-03-18 12:00:00,NO_QUERY,user_044,Sample tweet 930
0,1000931,2024-03-18 14:00:00,NO_QUERY,user_011,Sample tweet 931
4,1000932,2024-03-18 16:00:00,NO_QUERY,user_015,Sample tweet 932
2,1000933,2024-03-18 18:00:00,NO_QUERY,user_092,Sample tweet 933
0,1000934,2024-03-18 20:00:00,NO_QUERY,user_091,Sample tweet 934
2,1000935,2024-03-18 22:00:00,NO_QUERY,user_056,Sample tweet 935
0,1000936,2024-03-19 00:00:00,NO_QUERY,user_049,Sample tweet 936
0,1000937,2024-03-19 02:00:00,NO_QUERY,user_001,Sample tweet 937
2,1000938,2024-03-19 04:00:00,NO_QUERY,user_069,Sample tweet 938
0,1000939,2024-03-19 06:00:00,NO_QUERY,user_016,Sample tweet 939
0,1000940,2024-03-19 08:00:00,NO_QUERY,user_084,Sample tweet 940
4,1000941,2024-03-19 10:00:00,NO_QUERY,user_024,Sample tweet 941
4,1000942,2024-03-19 12:00:00,NO_QUERY,user_050,Sample tweet 942
0,1000943,2024-03-19 14:00:00,NO_QUERY,user_097,Sample tweet 943
4,1000944,2024-03-19 16:00:00,NO_QUERY,user_029,Sample tweet 944
2,1000945,2024-03-19 18:00:00,NO_QUERY,user_091,Sample tweet 945
0,1000946,2024-03-19 20:00:00,NO_QUERY,user_060,Sample tweet 946
0,1000947,2024-03-19 22:00:00,NO_QUERY,user_051,Sample tweet 947
2,1000948,2024-03-20 00:00:00,NO_QUERY,user_066,Sample tweet 948
2,1000949,2024-03-20 02:00:00,NO_QUERY,user_096,Sample tweet 949
2,1000950,2024-03-20 04:00:00,NO_QUERY,user_018,Sample tweet 950
4,1000951,2024-03-20 06:00:00,NO_QUERY,user_021,Sample tweet 951
2,1000952,2024-03-20 08:00:00,NO_QUERY,user_003,Sample tweet 952
4,1000953,2024-03-20 10:00:00,NO_QUERY,user_023,Sample tweet 953
0,1000954,2024-03-20 12:00:00,NO_QUERY,user_040,Sample tweet 954
2,1000955,2024-03-20 14:00:00,NO_QUERY,user_013,Sample tweet 955
0,1000956,2024-03-20 16:00:00,NO_QUERY,user_012,Sample tweet 956
2,1000957,2024-03-20 18:00:00,NO_QUERY,user_090,Sample tweet 957
0,1000958,2024-03-20 20:00:00,NO_QUERY,user_052,Sample tweet 958
2,1000959,2024-03-20 22:00:00,NO_QUERY,user_083,Sample tweet 959
2,1000960,2024-03-21 00:00:00,NO_QUERY,user_083,Sample tweet 960
0,1000961,2024-03-21 02:00:00,NO_QUERY,user_072,Sample tweet 961
4,1000962,2024-03-21 04:00:00,NO_QUERY,user_021,Sample tweet 962
4,1000963,2024-03-21 06:00:00,NO_QUERY,user_030,Sample tweet 963
0,1000964,2024-03-21 08:00:00,NO_QUERY,user_043,Sample tweet 964
2,1000965,2024-03-21 10:00:00,NO_QUERY,user_084,Sample tweet 965
2,1000966,2024-03-21 12:00:00,NO_QUERY,user_090,Sample tweet 966
4,1000967,2024-03-21 14:00:00,NO_QUERY,user_011,Sample tweet 967
4,1000968,2024-03-21 16:00:00,NO_QUERY,user_047,Sample tweet 968
2,1000969,2024-03-21 18:00:00,NO_QUERY,user_049,Sample tweet 969
4,1000970,2024-03-21 20:00:00,NO_QUERY,user_065,Sample tweet 970
2,1000971,2024-03-21 22:00:00,NO_QUERY,user_075,Sample tweet 971
0,1000972,2024-03-22 00:00:00,NO_QUERY,user_004,Sample tweet 972
2,1000973,2024-03-22 02:00:00,NO_QUERY,user_012,Sample tweet 973
0,1000974,2024-03-22 04:00:00,NO_QUERY,user_043,Sample tweet 974
2,1000975,2024-03-22 06:00:00,NO_QUERY,user_075,Sample tweet 975
0,1000976,2024-03-22 08:00:00,NO_QUERY,user_071,Sample tweet 976
4,1000977,2024-03-22 10:00:00,NO_QUERY,user_035,Sample tweet 977
4,1000978,2024-03-22 12:00:00,NO_QUERY,user_053,Sample tweet 978
0,1000979,2024-03-22 14:00:00,NO_QUERY,user_042,Sample tweet 979
4,1000980,2024-03-22 16:00:00,NO_QUERY,user_042,Sample tweet 980
4,1000981,2024-03-22 18:00:00,NO_QUERY,user_036,Sample tweet 981
4,1000982,2024-03-22 20:00:00,NO_QUERY,user_067,Sample tweet 982
0,1000983,2024-03-22 22:00:00,NO_QUERY,user_077,Sample tweet 983
2,1000984,2024-03-23 00:00:00,NO_QUERY,user_066,Sample tweet 984
4,1000985,2024-03-23 02:00:00,NO_QUERY,user_038,Sample tweet 985
4,1000986,2024-03-23 04:00:00,NO_QUERY,user_084,Sample tweet 986
2,1000987,2024-03-23 06:00:00,NO_QUERY,user_013,Sample tweet 987
2,1000988,2024-03-23 08:00:00,NO_QUERY,user_087,Sample tweet 988
0,1000989,2024-03-23 10:00:00,NO_QUERY,user_070,Sample tweet 989
4,1000990,2024-03-23 12:00:00,NO_QUERY,user_083,Sample tweet 990
2,1000991,2024-03-23 14:00:00,NO_QUERY,user_040,Sample tweet 991
0,1000992,2024-03-23 16:00:00,NO_QUERY,user_066,Sample tweet 992
4,1000993,2024-03-23 18:00:00,NO_QUERY,user_036,Sample tweet 993
0,1000994,2024-03-23 20:00:00,NO_QUERY,user_064,Sample tweet 994
4,1000995,2024-03-23 22:00:00,NO_QUERY,user_066,Sample tweet 995
4,1000996,2024-03-24 00:00:00,NO_QUERY,user_060,Sample tweet 996
2,1000997,2024-03-24 02:00:00,NO_QUERY,user_049,Sample tweet 997
4,1000998,2024-03-24 04:00:00,NO_QUERY,user_097,Sample tweet 998
4,1000999,2024-03-24 06:00:00,NO_QUERY,user_012,Sample tweet 999
